medio,puntuacion,comentario,indice_ia,comentario_traducida
Gaming Age,100.0,"Red Dead Redemption was a great game when it came out in 2010, and this proves it’s still a great game in 2023. While some classics from previous generations feel dated, that’s certainly not the case here – and if you missed it (or weren’t around for it) thirteen years ago, now’s the time to finally play it. And if you did play it? Maybe it’s time to play it again.",3,"Red Dead Redemption fue un gran juego cuando salió en 2010, y esto demuestra que seguirá siendo un gran juego en 2023. Si bien algunos clásicos de generaciones anteriores parecen anticuados, ese no es el caso aquí, y si te lo perdiste (o no estuviste presente) hace trece años, ahora es el momento de jugarlo finalmente. ¿Y si lo jugaras? Quizás sea hora de volver a jugarlo."
Bastidores,100.0,"Red Dead Redemption remains one of Rockstar’s greatest achievements, turning the death of the Old West into a tragic, unforgettable journey of violence, redemption, and consequence.",4,"Red Dead Redemption sigue siendo uno de los mayores logros de Rockstar, ya que convierte la muerte del Viejo Oeste en un trágico e inolvidable viaje de violencia, redención y consecuencias."
Saving Content,100.0,"In terms of price, I do feel it is worth it; but given how much time has passed, should be something slightly cheaper despite how much work has been put into this. Red Dead Redemption is a fantastic spaghetti western in video game form that still has, and is only surpassed by the equally fantastic 2018’s Red Dead Redemption 2. In the 14 years of its release, this remains a blueprint of incredible open-world design from its characters, missions, and things to do. This is not a game of just nostalgia, but endurance over time. Red Dead Redemption is still a masterpiece, and can now finally be enjoyed to the fullest on PC.",5,"En términos de precio, creo que vale la pena; pero dado el tiempo que ha pasado, debería ser algo un poco más barato a pesar de todo el trabajo que se ha puesto en ello. Red Dead Redemption es un fantástico spaghetti western en forma de videojuego que todavía existe, y solo es superado por el igualmente fantástico Red Dead Redemption 2 de 2018. En los 14 años de su lanzamiento, este sigue siendo un modelo de increíble diseño de mundo abierto a partir de sus personajes, misiones y cosas para hacer. Este no es un juego de nostalgia, sino de perseverancia en el tiempo. Red Dead Redemption sigue siendo una obra maestra y ahora finalmente se puede disfrutar al máximo en PC."
Portal E7,100.0,"Red Dead Redemption is without a doubt one of the best and most impressive titles of the Xbox 360 and PlayStation 3 generation. Featuring an extremely well-constructed and, in a way, even emotional story, the game is marked by charismatic characters, with some of them being quite peculiar.",5,"Red Dead Redemption es sin duda uno de los mejores y más impresionantes títulos de la generación Xbox 360 y PlayStation 3. Con una historia muy bien construida y, en cierto modo, incluso emotiva, el juego está marcado por personajes carismáticos, algunos de ellos bastante peculiares."
Digital Chumps,98.0,'Red Dead Redemption' is a game that will stand the test of time no matter what...The West will always hold a special place in my heart and life.,7,'Red Dead Redemption' es un juego que resistirá la prueba del tiempo pase lo que pase... Occidente siempre ocupará un lugar especial en mi corazón y en mi vida.
Player2.net.au,91.0,"The price, however, is literally the only bad thing I can say about what is one of my favourite gaming experiences of all time. It may be an old game now, but it is one that has aged like fine wine. The gameplay is pitch-perfect, the art direction is stunning and the story holds the same emotional impact it always did.",5,"El precio, sin embargo, es literalmente lo único malo que puedo decir de la que es una de mis experiencias de juego favoritas de todos los tiempos. Puede que ahora sea un juego antiguo, pero ha envejecido como el buen vino. La jugabilidad es perfecta, la dirección de arte es impresionante y la historia tiene el mismo impacto emocional de siempre."
Enternity.gr,90.0,"Red Dead Redemption PS4 belongs to the category of games that make you wonder, how to judge a legend of that time, knowing the technological data of the modern era",4,"Red Dead Redemption PS4 pertenece a la categoría de juegos que te hacen preguntarte cómo juzgar una leyenda de esa época, conociendo los datos tecnológicos de la era moderna."
Eternal Games,90.0,"Red Dead Redemption is considered one of the most prominent narrative games in the history of the industry, as it offered a touching human journey through the character of John Marston and his attempt to escape his past and save his family. The game was characterized by a living world full of details, strong writing, and unforgettable characters, alongside moving events that made the experience stuck in players' minds until today. Despite the existence of some problems such as repetition and excessive travel, the game remains an exceptional experience, especially regarding the technical and narrative standards of 2010, confirming Rockstar Games' status as one of the best gaming companies in delivering stories and world-building.",5,"Red Dead Redemption es considerado uno de los juegos narrativos más destacados en la historia de la industria, ya que ofrecía un conmovedor viaje humano a través del personaje de John Marston y su intento de escapar de su pasado y salvar a su familia. El juego se caracterizó por un mundo vivo lleno de detalles, una escritura sólida y personajes inolvidables, junto con eventos conmovedores que hicieron que la experiencia quedara grabada en la mente de los jugadores hasta el día de hoy. A pesar de la existencia de algunos problemas como la repetición y los viajes excesivos, el juego sigue siendo una experiencia excepcional, especialmente en lo que respecta a los estándares técnicos y narrativos de 2010, lo que confirma el estatus de Rockstar Games como una de las mejores compañías de juegos en la entrega de historias y construcción de mundos."
Rectify Gaming,90.0,"From quality-of-life improvements to entirely new gameplay experiences, mods breathe fresh life into Red Dead Redemption, extending its replayability far beyond the base game. Combined with faster loading times and improved stability, the PC version stands out as the best way to explore John Marston’s epic journey through the frontier.",5,"Desde mejoras en la calidad de vida hasta experiencias de juego completamente nuevas, las modificaciones dan nueva vida a Red Dead Redemption, extendiendo su rejugabilidad mucho más allá del juego base. Combinada con tiempos de carga más rápidos y una estabilidad mejorada, la versión para PC se destaca como la mejor manera de explorar el viaje épico de John Marston a través de la frontera."
NoobFeed,90.0,"Red Dead Redemption is a masterpiece that endures. Sure, it's a little rough around the edges, and the price point for this rerelease feels like a bit of a reach, but what you're getting is a weird little piece of gaming history story-driven experience that rarely comes along in such an unfiltered form.",5,"Red Dead Redemption es una obra maestra que perdura. Claro, es un poco tosco, y el precio de esta nueva versión parece un poco exagerado, pero lo que estás obteniendo es una pequeña y extraña experiencia basada en la historia de los juegos que rara vez se presenta en una forma tan sin filtrar."
Areajugones,90.0,"Red Dead Redemption on PC is a testament to the power of timeless design. This version not only preserves the magic of the original, but improves on it in significant ways. The fluidity of the unlocked framerate, the sharpness of 4K resolution, and the improvements to draw distance make this, without a doubt, the best way to experience this modern classic.",5,"Red Dead Redemption para PC es un testimonio del poder del diseño atemporal. Esta versión no sólo conserva la magia del original, sino que la mejora de manera significativa. La fluidez del framerate desbloqueado, la nitidez de la resolución 4K y las mejoras en la distancia de dibujo hacen de esta, sin duda, la mejor manera de experimentar este clásico moderno."
LevelUp,90.0,"Its impeccable remastering is an excellent excuse for those who wish to enjoy this wonderful, imposing and unforgettable adventure in its next-gen version for PlayStation 5, portable on Nintendo Switch or backward-compatible on Xbox Series X / S. As well as a first approach to those who did not enjoy his original work and wish to expand the powerful narrative experience that occurred after 'Red Dead Redemption 2'.",5,"Su impecable remasterización es una excelente excusa para quienes deseen disfrutar de esta maravillosa, imponente e inolvidable aventura en su versión next-gen para PlayStation 5, portátil en Nintendo Switch o retrocompatible en Xbox Series X/S. Así como un primer acercamiento para quienes no disfrutaron de su obra original y desean ampliar la potente experiencia narrativa vivida tras 'Red Dead Redemption 2'."
Andrenoob,90.0,"Red Dead Redemption on Steam is an experience that lives up to expectations for many years. Surpassing expectations of its original PS3 and Xbox 360 versions, to be the definitive edition of the game.",7,"Red Dead Redemption en Steam es una experiencia que está a la altura de las expectativas desde hace muchos años. Superando las expectativas de sus versiones originales de PS3 y Xbox 360, para ser la edición definitiva del juego."
Hobby Consolas,88.0,"It is indisputable that Red Dead Redemption is a masterpiece, a superb western and one of Rockstar's best games. If you haven't played it, you're going to enjoy it in a big way. But at the same time, other factors, such as price or the absence of major improvements, slightly cast a shadow over what should have been a great debut.",5,"Es indiscutible que Red Dead Redemption es una obra maestra, un western soberbio y uno de los mejores juegos de Rockstar. Si no lo has jugado, lo vas a disfrutar a lo grande. Pero al mismo tiempo, otros factores, como el precio o la ausencia de mejoras importantes, ensombrecen ligeramente lo que debería haber sido un gran debut."
Hobby Consolas,88.0,"It is a pity that more effort has not been put into the conversion, because the original RDR is still a masterpiece. Even with the flaws, it is worth revisiting.",7,"Es una pena que no se haya puesto más esfuerzo en la conversión, porque el RDR original sigue siendo una obra maestra. Incluso con los defectos, vale la pena revisarlo."
Impulsegamer,86.0,Step into the well worn boots of John Marsten and experience the Wild West in all its Glory!,2,¡Ponte las gastadas botas de John Marsten y experimenta el Salvaje Oeste en todo su esplendor!
Game Forces PT,85.0,"Red Dead Redemption is a masterpiece of the open world genre that combines deep storytelling with an immersive, detailed world.  The game not only offers an experience rich in action and adventure but also a strong reflection on the choices we make and their consequences.  A title that I recommend to all players, and a clear milestone in the development of modern games. The sequel (which is actually a prequel) Red Dead Redemption 2 is an excellent example of this evolution. Play!",3,Red Dead Redemption es una obra maestra del género de mundo abierto que combina una narración profunda con un mundo inmersivo y detallado.  El juego no sólo ofrece una experiencia rica en acción y aventuras sino también una fuerte reflexión sobre las decisiones que tomamos y sus consecuencias.  Un título que recomiendo a todos los jugadores y un claro hito en el desarrollo de los juegos modernos. La secuela (que en realidad es una precuela) Red Dead Redemption 2 es un excelente ejemplo de esta evolución. ¡Jugar!
BaziCenter,85.0,"After 14 years of its initial release on consoles, Red Dead Redemption has finally arrived on PC, and it's still relevant! And if it weren't for Red Dead Redemption 2, it would have been the best Western Action Adventure experience on the market. That's how good RDR was and still is, and that's how any developer should design their games.",3,"Después de 14 años de su lanzamiento inicial en consolas, Red Dead Redemption finalmente llegó a PC, ¡y sigue siendo relevante! Y si no fuera por Red Dead Redemption 2, habría sido la mejor experiencia de acción y aventuras del Oeste del mercado. Así de bueno era y sigue siendo RDR, y así es como cualquier desarrollador debería diseñar sus juegos."
Nintendo Blast,85.0,"Red Dead Redemption has a memorable story, iconic characters and a gameplay that left a mark for a golden age of action adventures and for Rockstar, who managed to spread their wings beyond the shadow of Grand Theft Auto. Its influence lasts to these days, as I am here, 13 years later, talking about its Switch port; thus, if you have any reservation about experiencing this modern classic, I recommend at least giving it a chance. Who knows if you won't get so excited that you will also jump into Red Dead Redemption 2 (if you haven't yet)?",3,"Red Dead Redemption tiene una historia memorable, personajes icónicos y una jugabilidad que dejó huella en una época dorada de las aventuras de acción y de Rockstar, quienes lograron extender sus alas más allá de la sombra de Grand Theft Auto. Su influencia perdura hasta estos días, ya que estoy aquí, 13 años después, hablando de su puerto Switch; por lo tanto, si tienes dudas sobre experimentar este clásico moderno, te recomiendo que al menos le des una oportunidad. ¿Quién sabe si no te emocionarás tanto que también saltarás a Red Dead Redemption 2 (si aún no lo has hecho)?"
STWGames Italia,85.0,"Released nearly 15 years ago, Red Dead Redemption continues to hold significant influence over the gaming industry, remaining a legendary work that defies the test of time. This long-awaited PC edition offers little more than the essentials to fully enjoy the original experience, though it still suffers from some technical issues that we hope will be addressed over time.",5,"Lanzado hace casi 15 años, Red Dead Redemption continúa teniendo una influencia significativa en la industria del juego y sigue siendo un trabajo legendario que desafía la prueba del tiempo. Esta tan esperada edición para PC ofrece poco más que lo esencial para disfrutar plenamente de la experiencia original, aunque todavía sufre algunos problemas técnicos que esperamos se solucionen con el tiempo."
EmuGlx.org,85.0,"Looking at the big picture, Red Dead Redemption has received a high-quality PC port that, aside from its steep price, leaves little to criticize. The game remains engaging and is well worth trying if you’ve never experienced this title on a console before.",5,"Mirando el panorama general, Red Dead Redemption ha recibido un port para PC de alta calidad que, aparte de su elevado precio, deja poco que criticar. El juego sigue siendo atractivo y vale la pena probarlo si nunca antes has experimentado este título en una consola."
NintendoBoy,85.0,"Red Dead Redemption is a game marked by an excellent narrative and sensational dialogues (the introductory scene is a show in itself). However, the somewhat high price tag may put off curious people, after all, it is a 2010 title and it is neither The Legend of Zelda nor Mario, to encourage owners of Nintendo's console to pay full price for it. But, for everything that Red Dead Redemption was and continues to be, if you do, you won't regret it. The title is a great addition to the excellent catalog of games on the phenomenon called Nintendo Switch.",5,"Red Dead Redemption es un juego marcado por una excelente narrativa y unos diálogos sensacionales (la escena introductoria es un espectáculo en sí misma). Sin embargo, el precio algo elevado puede desanimar a los curiosos, después de todo, es un título de 2010 y no es ni The Legend of Zelda ni Mario, para animar a los propietarios de la consola de Nintendo a pagar el precio completo por él. Pero, por todo lo que fue y sigue siendo Red Dead Redemption, si lo haces, no te arrepentirás. El título es una gran incorporación al excelente catálogo de juegos del fenómeno llamado Nintendo Switch."
Game8,84.0,"Red Dead Redemption remains a landmark title. The Switch 2 port improves presentation and performance without changing the game’s core design, letting the world, story, and gameplay shine like they were always meant to. Minor signs of aging exist, but they don’t take away from the experience. This version stands as a definitive way to experience a classic, delivering everything that made the original great while running smoother and looking sharper than ever.",5,"Red Dead Redemption sigue siendo un título histórico. El port Switch 2 mejora la presentación y el rendimiento sin cambiar el diseño central del juego, permitiendo que el mundo, la historia y la jugabilidad brillen como siempre debieron hacerlo. Existen signos menores de envejecimiento, pero no quitan la experiencia. Esta versión es una forma definitiva de experimentar un clásico, brindando todo lo que hizo grandioso al original mientras funciona de manera más fluida y luce más nítida que nunca."
COGconnected,84.0,"Red Dead Redemption is an exceptional game that manages to capture the spirit of the Wild West. The incredible sound design and enthralling narrative are highlights of the adventure. Although it runs perfectly well on the Switch, the lack of an online mode and no additional content is disappointing. The high price point is contentious, however, this is an exquisite open-world adventure that shows Rockstar at its finest.",5,"Red Dead Redemption es un juego excepcional que consigue capturar el espíritu del Salvaje Oeste. El increíble diseño de sonido y la apasionante narrativa son los aspectos más destacados de la aventura. Aunque funciona perfectamente bien en Switch, la falta de un modo en línea y de contenido adicional es decepcionante. El alto precio es polémico, sin embargo, esta es una exquisita aventura de mundo abierto que muestra a Rockstar en su máxima expresión."
Pizza Fria,84.0,"Red Dead Redemption for PC is a golden opportunity to relive one of gaming's greatest classics. Its powerful narrative, engaging gameplay, and vibrant Wild West world continue to captivate, even 14 years after its original release.",7,"Red Dead Redemption para PC es una oportunidad de oro para revivir uno de los grandes clásicos de los juegos. Su poderosa narrativa, su atractiva jugabilidad y su vibrante mundo del Lejano Oeste continúan cautivando, incluso 14 años después de su lanzamiento original."
Evilgamerz,80.0,"If you have never played Red Dead Redemption, it is about time! There is enough to note graphically, but we have to take into account that this is a game from 2010. Bringing it to a 2024 standard is quite a challenge, I can understand. So don't expect Horizon Zero Dawn Remaster quality, because the base game is simply a lot older in that respect. The gameplay and content are still rock solid, although it feels a bit dated here and there. The running, the jumping, the physics, it all feels and looks a bit like you are playing Grand Theft Auto III. But if you're looking for a game that simply plays well, has a good story and looks acceptable enough for this day and age, then Red Dead Redemption for PC, including the expansion, will keep you going and will allow you to relive many Western influences.",3,"Si nunca has jugado a Red Dead Redemption, ¡ya era hora! Hay bastante que destacar gráficamente, pero tenemos que tener en cuenta que este es un juego de 2010. Llevarlo a un estándar de 2024 es todo un desafío, lo puedo entender. Así que no esperes calidad de Horizon Zero Dawn Remaster, porque el juego base es simplemente mucho más antiguo en ese sentido. La jugabilidad y el contenido siguen siendo sólidos, aunque parece un poco anticuado aquí y allá. La carrera, los saltos, la física, todo se siente y parece como si estuvieras jugando Grand Theft Auto III. Pero si estás buscando un juego que simplemente se juegue bien, tenga una buena historia y parezca lo suficientemente aceptable para estos tiempos, entonces Red Dead Redemption para PC, incluida la expansión, te mantendrá activo y te permitirá revivir muchas influencias occidentales."
Uagna,80.0,"The porting of Red Dead Redemption is finally available on PC! For many gamers, the arrival of John Marston's adventures represents the capture of the mythical white whale, and just as many had given up hope that the Rockstar western would finally land on computer. It's a pity about the launch price, as the €50 charged for a 14-year-old game would have been better justified against a more substantial restoration work. Nevertheless, we can finally enjoy one of the great masterpieces of gaming history on PC, and this is the most important news.The porting of Red Dead Redemption is finally available on PC! For many gamers, the arrival of John Marston's adventures represents the capture of the mythical white whale, and just as many had given up hope that Rockstar's western would finally land on computer. It's a pity about the launch price, as the €50 charged for a 14-year-old game would have been better justified against a more substantial restoration work. Nevertheless, we can finally enjoy one of the great masterpieces of video game history on PC, and this is the most important news.",3,"¡La portabilidad de Red Dead Redemption finalmente está disponible para PC! Para muchos jugadores, la llegada de las aventuras de John Marston representa la captura de la mítica ballena blanca, y otros tantos habían perdido la esperanza de que el western de Rockstar aterrizara finalmente en ordenador. Es una lástima el precio de lanzamiento, ya que los 50 € cobrados por un juego de hace 14 años se habrían justificado mejor frente a un trabajo de restauración más sustancial. Sin embargo, finalmente podemos disfrutar de una de las grandes obras maestras de la historia de los videojuegos en PC, y esta es la noticia más importante. ¡La portabilidad de Red Dead Redemption finalmente está disponible para PC! Para muchos jugadores, la llegada de las aventuras de John Marston representa la captura de la mítica ballena blanca, y otros tantos habían perdido la esperanza de que el western de Rockstar aterrizara finalmente en ordenador. Es una lástima el precio de lanzamiento, ya que los 50 € cobrados por un juego de hace 14 años se habrían justificado mejor frente a un trabajo de restauración más sustancial. Sin embargo, por fin podemos disfrutar de una de las grandes obras maestras de la historia del videojuego en PC, y esta es la noticia más importante."
Echo Boomer,80.0,"Red Dead Redemption finally arrives on PC, offering the option to play in ""Ultra HD"" without compromises.",4,"Red Dead Redemption finalmente llega a PC, ofreciendo la opción de jugar en ""Ultra HD"" sin compromisos."
TestingBuddies,80.0,"At first glance, the 50 euros charged for the PC port of Red Dead Redemption is a hefty price for a 14-year-old game that only offers a few visual and technical improvements over the original version. If you don't know the original, you should definitely pick it up - Red Dead Redemption is an absolute highlight of gaming history that still entertains today with its gripping story, unusual characters and inimitable humor. The atmosphere that the game introduces into the virtual western world is incomparable and even if the technology has fallen behind current standards, the experience still manages to captivate the player. So if you have a soft spot for well-told, atmospheric open-world games, you will definitely get your money's worth here. For those who have already played the game on the console, however, the purchase is less recommendable. The improvements in the PC version, such as the higher resolution and smoother performance, only justify the price for a few. However, if you have never experienced the vastness of the Wild West in Red Dead Redemption, then there is hardly a better time to catch up. The Undead Nightmare expansion also brings a breath of fresh air to the game and provides additional hours of entertaining adventures. In this respect, the price for newcomers is entirely justified, as this is a classic that still knows how to impress.",5,"A primera vista, los 50 euros que se cobran por la versión para PC de Red Dead Redemption son un precio elevado para un juego de hace 14 años que sólo ofrece algunas mejoras visuales y técnicas con respecto a la versión original. Si no conoces el original, definitivamente deberías adquirirlo: Red Dead Redemption es un punto culminante absoluto de la historia de los videojuegos que aún hoy entretiene con su apasionante historia, personajes inusuales y su humor inimitable. La atmósfera que el juego introduce en el mundo occidental virtual es incomparable e incluso si la tecnología se ha quedado atrás de los estándares actuales, la experiencia aún logra cautivar al jugador. Entonces, si tienes debilidad por los juegos de mundo abierto atmosféricos y bien contados, definitivamente obtendrás el valor de tu dinero aquí. Sin embargo, para aquellos que ya han jugado en la consola, la compra es menos recomendable. Las mejoras en la versión para PC, como una mayor resolución y un rendimiento más fluido, sólo justifican el precio por unos pocos. Sin embargo, si nunca has experimentado la inmensidad del Salvaje Oeste en Red Dead Redemption, entonces no hay mejor momento para ponerte al día. La expansión Undead Nightmare también aporta un soplo de aire fresco al juego y proporciona horas adicionales de entretenidas aventuras. En este sentido, el precio para los recién llegados está totalmente justificado, ya que se trata de un clásico que todavía sabe impresionar."
SpaceNerd.it,80.0,"Red Dead Redemption, many years later, is still a wonder to play and explore. Despite making zero changes to its gameplay, apart from the much appreciated inclusion of the Undead Nightmare DLC, Rockstar successfully manages to bring back the good old memories of this exceptional game thanks to a very stable port, giving everyone the chance to experience the tale of John Marston.",5,"Red Dead Redemption, muchos años después, sigue siendo una maravilla para jugar y explorar. A pesar de no realizar ningún cambio en su modo de juego, aparte de la muy apreciada inclusión del DLC Undead Nightmare, Rockstar logra recuperar los viejos recuerdos de este juego excepcional gracias a un puerto muy estable, que brinda a todos la oportunidad de experimentar la historia de John Marston."
GameOnly,80.0,"Red Dead Redemption on PC is the best edition of John Marston's adventures one can play. In terms of music and story — excellent, graphically it falls short compared to modern titles, but in terms of gameplay, it remains exceptionally enjoyable. It's a brilliant western, causing both bursts of laughter and tears, while also skillfully addressing many issues like racism, immigration, and human rights. A beautiful, personal story in the Wild West that's slowly getting more civilized.",5,"Red Dead Redemption para PC es la mejor edición de las aventuras de John Marston que uno puede jugar. En términos de música e historia, excelente, gráficamente se queda corto en comparación con los títulos modernos, pero en términos de jugabilidad, sigue siendo excepcionalmente divertido. Es un western brillante, que provoca carcajadas y lágrimas, y al mismo tiempo aborda hábilmente muchos temas como el racismo, la inmigración y los derechos humanos. Una historia hermosa y personal en el Salvaje Oeste que poco a poco se está volviendo más civilizado."
Gamepressure,80.0,"Red Dead Redemption is an amazing experience and is one of those games that defined a generation of open-world titles where movie-level storytelling weaved into the action you got to control. If you’ve already played it, you won’t miss anything, but if you were looking for an excuse to see what the hype was all about, wait for a sale first.",5,"Red Dead Redemption es una experiencia increíble y es uno de esos juegos que definió una generación de títulos de mundo abierto donde la narración a nivel de película se entrelazaba con la acción que podías controlar. Si ya lo jugaste, no te perderás nada, pero si estabas buscando una excusa para ver de qué se trataba todo el revuelo, espera primero a una oferta."
Niche Gamer,80.0,"Although the sluggish gameplay and unresponsive action have always been open to question, with the right mindset, it’s possible to adapt to its crap-factor. It’s worth acclimating to them because Red Dead Redemption is more than the sum of its parts.",5,"Aunque la jugabilidad lenta y la acción que no responde siempre han sido cuestionables, con la mentalidad adecuada, es posible adaptarse a su factor de basura. Vale la pena aclimatarse a ellos porque Red Dead Redemption es más que la suma de sus partes."
NookGaming,80.0,"Red Dead Redemption is hailed as one of the best games ever made, as is its sequel, and this is a strong reminder as to why. It's aged brilliantly and is easily a game I would suggest everyone needs to play. Sadly, the lack of multiplayer and the higher price tag do seem to be sticking points for some. But with the sheer amount of content and quality, it still offers fair value for an unmissable gaming experience.",5,"Red Dead Redemption es aclamado como uno de los mejores juegos jamás creados, al igual que su secuela, y este es un fuerte recordatorio de por qué. Ha envejecido brillantemente y es fácilmente un juego que sugeriría que todos deberían jugar. Lamentablemente, la falta de modo multijugador y el precio más alto parecen ser puntos conflictivos para algunos. Pero con la gran cantidad de contenido y calidad, todavía ofrece un valor razonable para una experiencia de juego imperdible."
Hey Poor Player,80.0,"Red Dead Redemption on Switch is a mostly fine port of a great game. If you’ve been dying to replay it or haven’t checked it out before, you should absolutely do so, but those who have already fully explored the old west won’t find anything new here or much reason to buy it again outside of the handheld factor. For some, though, that will be all the incentive they need.",5,"Red Dead Redemption en Switch es una buena adaptación de un gran juego. Si te mueres por volver a jugarlo o no lo has visto antes, deberías hacerlo, pero aquellos que ya hayan explorado por completo el viejo oeste no encontrarán nada nuevo aquí ni muchas razones para comprarlo nuevamente fuera del factor portátil. Para algunos, sin embargo, ese será todo el incentivo que necesitan."
IGN Spain,80.0,"Red Dead Redemption is really enjoyable on PS4 and Nintendo Switch. After thirteen years, the Rockstar classic holds up like no other, and these adjustments are more than enough for a very satisfying experience. Many of us would have liked something more, but for both nostalgic and new fans of the saga, this port is a fantastic opportunity to get into the boots of John Marston.",5,"Red Dead Redemption es realmente divertido en PS4 y Nintendo Switch. Después de trece años, el clásico de Rockstar se mantiene como ningún otro, y estos ajustes son más que suficientes para una experiencia muy satisfactoria. A muchos de nosotros nos hubiera gustado algo más, pero tanto para los nostálgicos como para los nuevos fans de la saga, este port es una oportunidad fantástica para ponerse en la piel de John Marston."
Nintendo Life,80.0,"Red Dead Redemption on Switch is a straightforward port of 2010's masterpiece with no added bells or whistles for a rather high price tag. If you can get over that, this is a game we highly recommend digging into, especially if you've yet to experience it. Rockstar's Western epic holds up surprisingly well, its story is as powerful as ever, its knockabout action still feels great, and it looks and plays perfectly well on Nintendo's console. Multiplayer has been cut, which is a sore but understandable excision, and we'd really have liked to see effort put into adding gyro controls or touching up the graphics a little, but it is what it is. This is a proper all-timer ported successfully to Switch and, if you can stump up the cash, you'll have a great time here regardless of the lack of TLC.",5,"Red Dead Redemption en Switch es una adaptación sencilla de la obra maestra de 2010 sin campanas ni silbidos adicionales por un precio bastante alto. Si puedes superar eso, este es un juego que recomendamos encarecidamente profundizar, especialmente si aún no lo has experimentado. La epopeya occidental de Rockstar se mantiene sorprendentemente bien, su historia es tan poderosa como siempre, su acción trepidante todavía se siente genial y se ve y se juega perfectamente bien en la consola de Nintendo. Se ha eliminado el modo multijugador, lo cual es una eliminación dolorosa pero comprensible, y realmente nos hubiera gustado que se hiciera un esfuerzo para agregar controles giroscópicos o retocar un poco los gráficos, pero es lo que es. Este es un verdadero juego de todos los tiempos adaptado con éxito a Switch y, si puedes gastar el dinero, te lo pasarás genial aquí independientemente de la falta de TLC."
IGN Spain,80.0,"Red Dead Redemption is an exceptional game, and its PC port more than delivers, offering a well-optimized experience even for less powerful devices. Even so, it is missing some substantial additions or improvements after so many years of waiting.",7,"Red Dead Redemption es un juego excepcional y su versión para PC lo cumple con creces, ya que ofrece una experiencia bien optimizada incluso para dispositivos menos potentes. Aun así, se echan en falta algunos añadidos o mejoras sustanciales tras tantos años de espera."
The Games Machine,80.0,"Finally, after fourteen years, Red Dead Redemption also arrives on PC. The title has aged very well, unfortunately this conversion brings with it countless technical problems.",7,"Por fin, después de catorce años, Red Dead Redemption también llega a PC. El título ha envejecido muy bien, lamentablemente esta conversión trae consigo innumerables problemas técnicos."
SECTOR.sk,80.0,"This cult western has long been absent from the PC, although its sequel was released a few years ago. Rockstar has finally released it on this platform, but with outdated graphics and a high price tag.",7,"Este western de culto lleva mucho tiempo ausente del PC, aunque su secuela se estrenó hace unos años. Rockstar finalmente lo lanzó en esta plataforma, pero con gráficos obsoletos y un precio elevado."
GameMAG,80.0,The silver lining here is that now the game is finally freed from the cage of old hardware. And that's a great thing.,7,El lado positivo aquí es que ahora el juego finalmente se ha liberado de la jaula del hardware antiguo. Y eso es algo grandioso.
SomHráč.sk,80.0,"Red Dead Redemption is an excellent game in a bit of a lazy repackaging. If you haven't played it yet, go right ahead, but otherwise, there's not much for you here.",7,"Red Dead Redemption es un juego excelente con un reenvasado un poco perezoso. Si aún no lo has jugado, adelante, pero por lo demás, no hay mucho para ti aquí."
Cultured Vultures,80.0,Red Dead Redemption on the Switch is the exact same Western epic you know and love. That's both its greatest strength and its greatest weakness.,7,Red Dead Redemption en Switch es exactamente la misma epopeya occidental que conoces y amas. Ésa es a la vez su mayor fortaleza y su mayor debilidad.
Digital Chumps,77.0,"It's nothing special to groundbreaking to write home on. There isn't any new story additions, but I do think it's a great game to pick up if you want to roam what is left of the untamed west while you still can.",7,"No es nada especial o innovador para destacar. No hay nuevas adiciones a la historia, pero creo que es un gran juego para aprender si quieres vagar por lo que queda del oeste salvaje mientras puedas."
Entertainium,75.0,"Red Dead Redemption has certainly aged like a fine wine, still retaining its satisfying gameplay and an enormous, gorgeous wild west to explore.",4,"Red Dead Redemption ciertamente ha envejecido como un buen vino, aún conserva su juego satisfactorio y un enorme y hermoso salvaje oeste para explorar."
PSX Brasil,75.0,"In its original form, Red Dead Redemption is nearly perfect in all its key aspects, such as narrative, gameplay, and artistic concept. The 2023 PS4 remaster was timid in updating definition and performance, but did enough to introduce it to a new generation and fill a gap for longtime fans. All of this is now confirmed by the native PlayStation 5 version, with its 4K at 60fps with HDR, things that seem like little - and in a way, they are - but which at least offer the most solid, beautiful, and stable experience possible for one of the greatest classics in gaming history.",5,"En su forma original, Red Dead Redemption es casi perfecto en todos sus aspectos clave, como la narrativa, la jugabilidad y el concepto artístico. La remasterización de PS4 de 2023 fue tímida a la hora de actualizar la definición y el rendimiento, pero hizo lo suficiente para presentarla a una nueva generación y llenar un vacío para los fanáticos de toda la vida. Todo ello lo confirma ahora la versión nativa de PlayStation 5, con su 4K a 60fps con HDR, cosas que parecen poco -y en cierto modo lo son- pero que al menos ofrecen la experiencia más sólida, bonita y estable posible para uno de los grandes clásicos de la historia de los videojuegos."
Gameffine,75.0,"Rating the Red Dead Redemption PC port proved to be a painful process for me. On the one hand, you have a basic but solid port of one of the most requested and highly rated games of all time. On the other hand, the pricing of the PC port is one of the most egregious this year. What’s even worse is Rockstar’s utter disregard for regional pricing. With pricing the way it is now, I cannot in good conscience recommend Red Dead Redemption to our Indian audience.",5,"Calificar el port para PC de Red Dead Redemption resultó ser un proceso doloroso para mí. Por un lado, tienes una versión básica pero sólida de uno de los juegos más solicitados y mejor valorados de todos los tiempos. Por otro lado, el precio del port para PC es uno de los más atroces de este año. Lo que es aún peor es el total desprecio de Rockstar por los precios regionales. Con los precios actuales, no puedo, en conciencia, recomendar Red Dead Redemption a nuestra audiencia india."
Duuro Magazine,75.0,"If you have played the game back in 2010 with fond memories of it and you have 50 bucks to waste, then absolutely go for it as the game is as good as you remember it. But if you are on a budget, there are newer and better games you can spend your hard earned cash.",5,"Si jugaste el juego en 2010 y tienes buenos recuerdos y tienes 50 dólares para desperdiciar, entonces hazlo, ya que el juego es tan bueno como lo recuerdas. Pero si tienes un presupuesto limitado, hay juegos nuevos y mejores en los que puedes gastar el dinero que tanto te costó ganar."
GamingTrend,75.0,"Rockstar's port of Red Dead Redemption on the Playstation 4 and Nintendo Switch provides an opportunity for both newcomers and fans alike to experience one of gaming's most memorable adventures once again. While there are some improvements to the visuals and performance, remnants of the game's age still bleed through. If you can look past the outrageous price tag and some cut content, then your journey back to the Wild West is definitely one worth taking.",5,"La versión de Rockstar de Red Dead Redemption para Playstation 4 y Nintendo Switch brinda una oportunidad tanto para los recién llegados como para los fanáticos de experimentar una de las aventuras más memorables de los juegos una vez más. Si bien hay algunas mejoras en las imágenes y el rendimiento, los restos de la antigüedad del juego aún se traslucen. Si puede pasar por alto el precio escandaloso y el contenido recortado, entonces definitivamente vale la pena emprender su viaje de regreso al Salvaje Oeste."
Press Start,75.0,"The Switch port of Red Dead Redemption is a faithful way to get into the world of Red Dead. It looks good as long as you adjust expectations and consider the game's age, and performs consistently well in both handheld and docked modes. While many aspects will feel dated, I still had a fun time exploring the old west with John during the last gasps of the American frontier.",5,"El puerto Switch de Red Dead Redemption es una forma fiel de adentrarte en el mundo de Red Dead. Se ve bien siempre que ajuste las expectativas y considere la antigüedad del juego, y funciona consistentemente bien tanto en el modo portátil como en el acoplado. Si bien muchos aspectos pueden parecer anticuados, todavía me divertí explorando el viejo oeste con John durante los últimos suspiros de la frontera estadounidense."
PSX Brasil,75.0,"Although not the version expected by many players, Red Dead Redemption shows strength as one of the best games of all time. The 2023 version is the most stable option, but it could be much better.",7,"Aunque no es la versión esperada por muchos jugadores, Red Dead Redemption demuestra solidez como uno de los mejores juegos de todos los tiempos. La versión 2023 es la opción más estable, pero podría ser mucho mejor."
Evilgamerz,72.0,"Without a doubt, Red Dead Redemption is a more than fantastic game that is an excellent addition, especially on the Switch, but the asking price of 50 euros is way too much for such a simple port and that leaves a sour aftertaste. If the price is not a problem for you, then this is a great game. Fortunately, it has not become such a fiasco as the GTA trilogy, but next time we would rather see a full remake.",5,"Sin duda, Red Dead Redemption es un juego más que fantástico que supone un excelente añadido, sobre todo en Switch, pero el precio de venta de 50 euros es demasiado para un port tan sencillo y que deja un regusto amargo. Si el precio no es un problema para ti, entonces este es un gran juego. Afortunadamente, no se ha convertido en un fiasco como la trilogía de GTA, pero la próxima vez preferiríamos ver una nueva versión completa."
Merlin'in Kazanı,72.0,"Coming to PC after years, Red Dead Redemption was disappointing with outdated graphics and a high price. Rockstar seems to have presented the game with minimal effort without updating it.",7,"Al llegar a PC después de años, Red Dead Redemption fue decepcionante con gráficos obsoletos y un precio elevado. Rockstar parece haber presentado el juego con el mínimo esfuerzo sin actualizarlo."
GamingBolt,70.0,"Red Dead Redemption's current-gen debut does a lot to improve on the original experience, but it isn't enough to make this one worthy of the systems it's running on. Although it is the definitive way to play the game, this is a title that deserved a full-fledged remake.",5,"El debut de Red Dead Redemption en la generación actual mejora mucho la experiencia original, pero no es suficiente para que sea digno de los sistemas en los que se ejecuta. Aunque es la forma definitiva de jugar, este es un título que merecía una nueva versión completa."
Worth Playing,70.0,"Even after 14 years, Red Dead Redemption remains a good example of how to do a proper Western in video game form. The main adventure is more focused than the sequel due to the relatively smaller cast and scope of your travels, but there are also plenty of side-quests that make it worthwhile to divert from the main questline. Undead Nightmare remains one of the better zombie games out there, and it still feels distinct after all these years. You just wish that there was more work done to the graphics outside of adding HDR and upping the brightness, especially since they're charging $50 for a 14-year-old port. The game is still worth adding to your library, but you might want to wait for a very good discount.",5,"Incluso después de 14 años, Red Dead Redemption sigue siendo un buen ejemplo de cómo hacer un western adecuado en forma de videojuego. La aventura principal está más centrada que la secuela debido al reparto relativamente más pequeño y al alcance de tus viajes, pero también hay muchas misiones secundarias que hacen que valga la pena desviarse de la línea de misiones principal. Undead Nightmare sigue siendo uno de los mejores juegos de zombies que existen y todavía se siente distinto después de todos estos años. Sólo desearías que se hubiera trabajado más en los gráficos además de agregar HDR y aumentar el brillo, especialmente porque están cobrando $50 por un puerto de 14 años. Todavía vale la pena agregar el juego a tu biblioteca, pero es posible que quieras esperar a obtener un muy buen descuento."
Cubed3,70.0,"Despite its gameplay flaws, Red Dead Redemption is a classic on seventh gen consoles. Its well-crafted characters and script are among the era's best. It's a technological marvel with meticulous attention to detail. While the gameplay may require adaptation on the player's part, it's worth it because Red Dead Redemption's overall experience is greater than the sum of its individual parts.",5,"A pesar de sus defectos de juego, Red Dead Redemption es un clásico en las consolas de séptima generación. Sus personajes y guión bien elaborados se encuentran entre los mejores de la época. Es una maravilla tecnológica con una meticulosa atención al detalle. Si bien la jugabilidad puede requerir una adaptación por parte del jugador, vale la pena porque la experiencia general de Red Dead Redemption es mayor que la suma de sus partes individuales."
Gameffine,70.0,"While Red Dead Redemption is a spectacular masterpiece on its own, its PlayStation 4 port hardly brings anything new to the table with a steep price tag of its own. While it’s a huge missed opportunity after a decade-long wait, it’s nice that more modern systems besides Xbox consoles can finally play this piece of art. As for the recommendation, you should pick this up while it is on sale or wait for the possible PC and PS5 ports that may hit the stores next year.",5,"Si bien Red Dead Redemption es una obra maestra espectacular por sí sola, su versión para PlayStation 4 apenas aporta nada nuevo a la mesa con un precio elevado. Si bien es una gran oportunidad perdida después de una espera de una década, es bueno que los sistemas más modernos, además de las consolas Xbox, finalmente puedan reproducir esta obra de arte. En cuanto a la recomendación, debes adquirirla mientras esté a la venta o esperar los posibles puertos para PC y PS5 que puedan llegar a las tiendas el próximo año."
WayTooManyGames,70.0,"This game has aged a lot. Although I did have fun with Red Dead Redemption, I can’t help but think this is just a bit below the average of what we expect from a 2023 title being released at a ludicrously premium price. Having this on-the-go, whilst a novel concept, is a bit detrimental to its epic, movie-like plot and structure. This benefits from being played on a bigger screen, and by doing so, it looks a bit worse. Not to mention the fact its controls and physics are simply too clunky, even for Xbox 360 standards.",5,"Este juego ha envejecido mucho. Aunque me divertí con Red Dead Redemption, no puedo evitar pensar que esto está un poco por debajo del promedio de lo que esperamos de un título de 2023 que se lanzará a un precio ridículamente superior. Tener esto en movimiento, si bien es un concepto novedoso, es un poco perjudicial para su trama y estructura épicas, parecidas a las de una película. Esto se beneficia al jugarse en una pantalla más grande y, al hacerlo, se ve un poco peor. Sin mencionar el hecho de que sus controles y su física son simplemente demasiado torpes, incluso para los estándares de Xbox 360."
Impulsegamer,70.0,"Overall, after all these years, Red Dead Redemption is still a great game that offers players a compelling narrative, a fantastic open world, and an overall highly engaging gameplay experience. However, the PS4 port isn't something that can easily be recommended to those who've already played the game and its DLC or even own the original bundle, at least at its current asking price. As such, if you've never played the game and are still interested in the port, I'd advise waiting for a sale or buying the Switch port, as that at least offers the value of playing the game on the go.",5,"En general, después de todos estos años, Red Dead Redemption sigue siendo un gran juego que ofrece a los jugadores una narrativa convincente, un mundo abierto fantástico y, en general, una experiencia de juego muy atractiva. Sin embargo, el port de PS4 no es algo que pueda recomendarse fácilmente a aquellos que ya jugaron el juego y su DLC o incluso poseen el paquete original, al menos al precio actual. Como tal, si nunca has jugado y todavía estás interesado en el puerto, te recomiendo esperar una oferta o comprar el puerto Switch, ya que eso al menos ofrece el valor de jugar sobre la marcha."
Push Square,60.0,The bottom line here is that Red Dead Redemption deserves so much more.,4,La conclusión aquí es que Red Dead Redemption merece mucho más.
KonsoliFIN,60.0,"It only took 14 years, but Red Dead Redemption is finally out on PC. While the heady mix of Sam Peckinpah, Clint Eastwood, and Blood Meridian is still superlative in places, time hasn't treated all aspects of Rockstar's great western kindly. This one might be for completionists only.",5,"Solo pasaron 14 años, pero Red Dead Redemption finalmente está disponible para PC. Si bien la embriagadora mezcla de Sam Peckinpah, Clint Eastwood y Blood Meridian sigue siendo superlativa en algunos lugares, el tiempo no ha tratado con amabilidad todos los aspectos del gran western de Rockstar. Este podría ser solo para finalistas."
Thumb Culture,60.0,"Even though I looked forward to playing Red Dead Redemption after playing, I think it would have been better off with a remaster. Maybe it’s because of the vast improvements I enjoyed in Red Dead Redemption 2, but I didn’t find this as enjoyable as I did back on PS3.",5,"Aunque tenía ganas de jugar Red Dead Redemption después de jugarlo, creo que hubiera sido mejor con una remasterización. Tal vez sea por las grandes mejoras que disfruté en Red Dead Redemption 2, pero no lo encontré tan divertido como en PS3."
Expansive,60.0,"Red Dead Redemption impresses thirteen years on by still offering great storytelling, fun missions and a gripping, cinematic adventure from start to finish. Double Eleven have worked magic and provided a practically perfect port on Nintendo Switch that’s, for the most part, a like-for-like recreation, and in some cases better than ever. Stripped out multiplayer, a lack of Switch specific features and a higher than expected price point may deter some players, but with a stable frame rate and stunning, vivid visuals, the opportunity to play as John Marston anywhere and everywhere makes for a very tempting proposition.",5,"Red Dead Redemption impresiona trece años después y sigue ofreciendo una excelente narración, misiones divertidas y una apasionante aventura cinematográfica de principio a fin. Double Eleven ha hecho magia y ha proporcionado un puerto prácticamente perfecto para Nintendo Switch que es, en su mayor parte, una recreación similar y, en algunos casos, mejor que nunca. El modo multijugador eliminado, la falta de características específicas de Switch y un precio más alto de lo esperado pueden disuadir a algunos jugadores, pero con una velocidad de fotogramas estable y efectos visuales sorprendentes y vívidos, la oportunidad de jugar como John Marston en cualquier lugar es una propuesta muy tentadora."
